{
  "aggregate": {
    "faithfulness": 0.8916666666666666,
    "answer_relevancy": 0.7603155140679834,
    "context_precision": 0.9249999999404167,
    "context_recall": 0.925
  },
  "num_questions": 20,
  "failures": []
}